No_Show_Rate,Throughput,Magnet_Idle_Pct
0.0,29,44.79166666666667
0.0,28,51.208333333333336
0.0,37,36.5
0.0,28,54.333333333333336
0.0,29,50.041666666666664
0.0,40,31.624999999999996
0.0,33,43.625
0.0,31,45.0
0.0,27,55.541666666666664
0.0,35,39.666666666666664
0.0,35,42.583333333333336
0.0,36,36.666666666666664
0.0,40,24.583333333333332
0.0,37,29.333333333333332
0.0,32,39.708333333333336
0.0,32,48.45833333333333
0.0,29,47.25
0.0,43,20.083333333333332
0.0,30,49.5
0.0,25,53.833333333333336
0.0,25,50.916666666666664
0.0,24,54.87499999999999
0.0,27,48.20833333333333
0.0,32,40.0
0.0,38,27.166666666666668
0.0,25,52.95833333333333
0.0,29,44.75
0.0,29,40.875
0.0,40,29.208333333333332
0.0,24,49.125
0.0,37,29.125
0.0,39,32.208333333333336
0.0,25,61.291666666666664
0.0,43,28.375
0.0,43,21.083333333333336
0.0,33,39.83333333333333
0.0,28,42.20833333333333
0.0,32,44.54166666666667
0.0,38,39.208333333333336
0.0,32,42.16666666666667
0.0,34,41.66666666666667
0.0,29,56.166666666666664
0.0,37,34.833333333333336
0.0,34,48.333333333333336
0.0,29,50.79166666666667
0.0,31,38.0
0.0,34,30.625000000000004
0.0,23,61.791666666666664
0.0,31,48.75
0.0,35,34.75
0.0,27,49.875
0.0,40,26.041666666666668
0.0,32,37.083333333333336
0.0,24,51.541666666666664
0.0,30,46.208333333333336
0.0,23,59.583333333333336
0.0,42,29.458333333333332
0.0,28,45.79166666666667
0.0,38,27.416666666666668
0.0,28,50.583333333333336
0.0,25,51.33333333333333
0.0,36,37.375
0.0,37,33.5
0.0,30,41.375
0.0,38,31.041666666666668
0.0,26,55.00000000000001
0.0,30,42.291666666666664
0.0,47,11.75
0.0,37,32.75
0.0,28,51.0
0.0,36,25.083333333333336
0.0,34,34.416666666666664
0.0,27,52.041666666666664
0.0,35,45.29166666666667
0.0,37,30.208333333333332
0.0,36,37.875
0.0,42,23.25
0.0,37,41.083333333333336
0.0,29,45.458333333333336
0.0,31,46.166666666666664
0.0,32,49.333333333333336
0.0,37,32.5
0.0,35,39.58333333333333
0.0,28,51.45833333333333
0.0,28,54.125
0.0,36,34.125
0.0,28,55.291666666666664
0.0,24,57.99999999999999
0.0,48,10.125
0.0,36,28.583333333333332
0.0,31,38.83333333333333
0.0,30,49.875
0.0,33,38.58333333333333
0.0,35,46.58333333333333
0.0,32,41.0
0.0,35,44.0
0.0,34,42.125
0.0,30,44.04166666666667
0.0,41,29.666666666666668
0.0,28,50.625
0.0,22,56.666666666666664
0.0,25,52.79166666666667
0.0,25,57.375
0.0,29,51.95833333333333
0.0,34,37.125
0.0,33,47.458333333333336
0.0,32,46.208333333333336
0.0,35,33.208333333333336
0.0,39,26.75
0.0,34,36.0
0.0,38,32.58333333333333
0.0,46,18.291666666666668
0.0,38,29.083333333333332
0.0,32,41.875
0.0,37,28.249999999999996
0.0,16,70.79166666666666
0.0,41,21.416666666666668
0.0,29,46.08333333333333
0.0,39,29.916666666666668
0.0,29,47.375
0.0,32,44.79166666666667
0.0,30,47.75
0.0,41,28.208333333333336
0.0,33,42.125
0.0,27,44.666666666666664
0.0,40,35.0
0.0,30,49.333333333333336
0.0,33,42.95833333333333
0.0,31,44.708333333333336
0.0,40,23.791666666666668
0.0,35,26.25
0.0,32,38.83333333333333
0.0,32,47.541666666666664
0.0,35,34.458333333333336
0.0,23,60.75000000000001
0.0,32,48.333333333333336
0.0,27,51.625
0.0,32,40.5
0.0,32,37.541666666666664
0.0,23,55.333333333333336
0.0,40,32.83333333333333
0.0,31,46.708333333333336
0.0,37,34.958333333333336
0.0,37,37.166666666666664
0.0,28,46.916666666666664
0.0,35,38.75
0.0,22,61.25000000000001
0.0,32,40.5
0.0,27,49.70833333333333
0.0,37,40.33333333333333
0.0,30,51.541666666666664
0.0,30,44.416666666666664
0.0,34,38.208333333333336
0.0,35,30.125
0.0,25,50.916666666666664
0.0,37,33.375
0.0,32,41.875
0.0,29,54.91666666666667
0.0,27,49.875
0.0,30,45.54166666666667
0.0,19,65.66666666666666
0.0,26,51.37500000000001
0.0,29,45.666666666666664
0.0,42,31.125000000000004
0.0,38,36.333333333333336
0.0,26,52.75
0.0,32,43.45833333333333
0.0,22,58.458333333333336
0.0,22,61.916666666666664
0.0,35,36.916666666666664
0.0,24,54.41666666666667
0.0,35,34.875
0.0,40,32.625
0.0,31,44.625
0.0,44,22.0
0.0,30,49.45833333333333
0.0,31,48.25
0.0,27,47.625
0.0,30,46.208333333333336
0.0,29,46.958333333333336
0.0,32,47.41666666666667
0.0,36,29.958333333333332
0.0,30,43.875
0.0,31,44.666666666666664
0.0,30,44.916666666666664
0.0,36,27.333333333333332
0.0,47,15.875
0.0,39,25.5
0.0,34,35.5
0.0,39,27.166666666666668
0.0,39,24.166666666666668
0.0,33,39.208333333333336
0.0,39,31.083333333333336
0.0,32,42.66666666666667
0.0,30,45.79166666666667
0.0,37,34.08333333333333
0.0,29,45.33333333333333
0.0,36,24.75
0.0,40,33.208333333333336
0.0,34,38.5
0.0,33,49.20833333333333
0.0,37,34.166666666666664
0.0,34,38.75
0.0,37,28.291666666666664
0.0,27,47.833333333333336
0.0,30,52.708333333333336
0.0,34,42.75
0.0,32,41.375
0.0,41,35.541666666666664
0.0,31,35.0
0.0,36,29.708333333333332
0.0,35,36.833333333333336
0.0,35,38.25
0.0,37,32.0
0.0,35,39.83333333333333
0.0,32,40.91666666666667
0.0,41,30.416666666666664
0.0,35,39.54166666666667
0.0,37,30.291666666666668
0.0,38,31.916666666666664
0.0,27,56.49999999999999
0.0,40,29.791666666666668
0.0,45,23.166666666666664
0.0,29,48.5
0.0,31,44.83333333333333
0.0,30,43.75
0.0,29,45.916666666666664
0.0,29,47.75
0.0,27,53.166666666666664
0.0,31,46.458333333333336
0.0,44,17.708333333333336
0.0,28,37.875
0.0,28,43.875
0.0,28,49.875
0.0,28,47.125
0.0,34,38.25
0.0,32,44.166666666666664
0.0,37,29.791666666666668
0.0,41,24.708333333333332
0.0,30,50.583333333333336
0.0,27,53.125
0.0,33,40.25
0.0,33,41.791666666666664
0.0,47,19.291666666666664
0.0,41,25.374999999999996
0.0,25,57.666666666666664
0.0,39,32.958333333333336
0.0,26,56.708333333333336
0.0,39,32.666666666666664
0.0,34,39.625
0.0,33,42.41666666666667
0.0,40,38.0
0.0,26,52.666666666666664
0.0,30,45.375
0.0,33,40.458333333333336
0.0,39,26.958333333333336
0.0,45,19.083333333333332
0.0,31,47.333333333333336
0.0,29,50.16666666666667
0.0,33,36.333333333333336
0.0,27,54.625
0.0,30,39.83333333333333
0.0,35,36.0
0.0,21,56.00000000000001
0.0,29,46.958333333333336
0.0,27,51.083333333333336
0.0,34,40.458333333333336
0.0,30,48.583333333333336
0.0,33,45.916666666666664
0.0,42,20.25
0.0,37,31.874999999999996
0.0,46,16.833333333333332
0.0,31,40.291666666666664
0.0,32,40.833333333333336
0.0,34,38.79166666666667
0.0,37,36.20833333333333
0.0,33,41.41666666666667
0.0,30,42.66666666666667
0.0,36,30.416666666666664
0.0,36,36.833333333333336
0.0,27,51.79166666666667
0.0,36,40.91666666666667
0.0,29,38.29166666666667
0.0,39,30.958333333333332
0.0,39,35.625
0.0,28,54.37499999999999
0.0,37,33.04166666666667
0.0,42,27.333333333333332
0.0,35,41.291666666666664
0.0,34,39.625
0.0,32,41.16666666666667
0.0,38,28.083333333333332
0.0,32,46.33333333333333
0.0,25,55.791666666666664
0.0,25,52.416666666666664
0.0,32,38.58333333333333
0.0,25,52.37500000000001
0.0,37,31.041666666666668
0.0,43,21.875
0.0,37,32.166666666666664
0.0,36,36.666666666666664
0.0,31,45.708333333333336
0.0,37,25.458333333333332
0.0,32,39.916666666666664
0.0,36,36.333333333333336
0.0,34,39.791666666666664
0.0,29,45.83333333333333
0.0,33,38.708333333333336
0.0,28,49.375
0.0,36,35.70833333333333
0.0,26,51.916666666666664
0.0,31,48.833333333333336
0.0,31,41.291666666666664
0.0,24,53.041666666666664
0.0,28,49.20833333333333
0.0,28,48.791666666666664
0.0,42,26.75
0.0,30,44.0
0.0,34,42.95833333333333
0.0,35,39.75
0.0,33,45.58333333333333
0.0,34,36.375
0.0,27,44.625
0.0,39,28.125
0.0,27,42.0
0.0,33,46.33333333333333
0.0,40,26.0
0.0,28,48.375
0.0,30,50.458333333333336
0.0,28,49.416666666666664
0.0,30,49.375
0.0,22,58.166666666666664
0.0,37,31.0
0.0,33,41.125
0.0,33,41.41666666666667
0.0,35,38.333333333333336
0.0,22,58.416666666666664
0.0,29,41.5
0.0,31,49.041666666666664
0.0,30,47.708333333333336
0.0,36,36.916666666666664
0.0,31,45.375
0.0,30,42.583333333333336
0.0,33,39.58333333333333
0.0,36,37.666666666666664
0.0,29,47.708333333333336
0.0,37,37.875
0.0,31,43.083333333333336
0.0,35,41.66666666666667
0.0,45,23.583333333333336
0.0,28,46.33333333333333
0.0,30,45.416666666666664
0.0,40,37.0
0.0,31,46.916666666666664
0.0,38,35.70833333333333
0.0,38,29.75
0.0,27,51.83333333333333
0.0,34,39.29166666666667
0.0,35,36.75
0.0,36,36.95833333333333
0.0,31,48.70833333333333
0.0,35,32.875
0.0,33,40.91666666666667
0.0,26,50.083333333333336
0.0,27,53.041666666666664
0.0,41,25.708333333333332
0.0,29,48.875
0.0,30,46.208333333333336
0.0,36,37.20833333333333
0.0,29,53.708333333333336
0.0,43,20.666666666666668
0.0,40,32.916666666666664
0.0,40,23.208333333333332
0.0,39,37.958333333333336
0.0,30,41.91666666666667
0.0,27,50.0
0.0,30,48.20833333333333
0.0,40,34.041666666666664
0.0,38,24.875
0.0,35,40.041666666666664
0.0,35,42.95833333333333
0.0,29,45.0
0.0,37,37.708333333333336
0.0,46,15.916666666666668
0.0,33,45.875
0.0,43,27.0
0.0,35,43.833333333333336
0.0,32,46.0
0.0,27,56.166666666666664
0.0,39,28.375
0.0,28,43.708333333333336
0.0,41,23.0
0.0,33,38.25
0.0,45,18.625
0.0,36,35.91666666666667
0.0,35,37.041666666666664
0.0,38,29.25
0.0,31,44.125
0.0,33,42.70833333333333
0.0,36,34.625
0.0,38,26.041666666666668
0.0,38,37.875
0.0,30,45.04166666666667
0.0,42,30.791666666666668
0.0,31,45.166666666666664
0.0,32,41.541666666666664
0.0,33,49.291666666666664
0.0,26,51.79166666666667
0.0,25,58.08333333333333
0.0,37,30.0
0.0,32,36.666666666666664
0.0,32,43.666666666666664
0.0,30,39.58333333333333
0.0,35,36.625
0.0,27,48.791666666666664
0.0,32,41.25
0.0,26,57.291666666666664
0.0,32,54.95833333333333
0.0,25,53.541666666666664
0.0,42,23.166666666666664
0.0,30,41.5
0.0,32,49.125
0.0,36,35.583333333333336
0.0,28,50.66666666666667
0.0,43,24.541666666666668
0.0,29,46.875
0.0,34,36.45833333333333
0.0,28,45.0
0.0,33,45.08333333333333
0.0,42,25.208333333333332
0.0,33,37.541666666666664
0.0,35,37.583333333333336
0.0,26,44.416666666666664
0.0,40,28.083333333333332
0.0,43,21.041666666666668
0.0,41,26.041666666666668
0.0,32,44.458333333333336
0.0,25,60.0
0.0,44,25.416666666666664
0.0,29,52.041666666666664
0.0,40,23.541666666666668
0.0,28,46.291666666666664
0.0,35,39.5
0.0,36,35.25
0.0,31,45.875
0.0,35,38.625
0.0,24,55.791666666666664
0.0,28,52.79166666666667
0.0,33,37.375
0.0,26,52.0
0.0,35,38.0
0.0,30,50.79166666666667
0.0,34,41.125
0.0,41,26.833333333333332
0.0,36,38.625
0.0,36,32.625
0.0,33,41.5
0.0,35,37.708333333333336
0.0,36,31.958333333333332
0.0,37,33.0
0.0,34,40.666666666666664
0.0,40,30.333333333333336
0.0,29,52.541666666666664
0.0,35,40.625
0.0,27,44.083333333333336
0.0,29,48.625
0.0,33,40.08333333333333
0.0,37,29.833333333333336
0.0,34,47.41666666666667
0.0,38,31.833333333333336
0.0,24,61.70833333333333
0.0,30,49.5
0.0,32,47.25
0.0,29,41.41666666666667
0.0,39,34.375
0.0,34,36.875
0.0,36,40.33333333333333
0.0,37,30.666666666666664
0.0,34,36.666666666666664
0.0,37,29.708333333333332
0.0,27,50.33333333333333
0.0,34,45.04166666666667
0.0,24,55.00000000000001
0.0,42,29.125
0.0,38,27.958333333333336
0.0,34,34.541666666666664
0.0,34,32.916666666666664
0.0,38,28.041666666666664
0.0,40,28.916666666666668
0.0,36,34.208333333333336
0.0,34,39.375
0.0,39,31.458333333333332
0.0,38,37.416666666666664
0.0,37,35.16666666666667
0.0,34,35.375
0.0,36,39.29166666666667
0.0,33,36.41666666666667
0.0,30,39.25
0.0,37,38.29166666666667
0.0,28,50.958333333333336
0.05,28,54.125
0.05,22,59.0
0.05,27,45.916666666666664
0.05,25,59.458333333333336
0.05,29,49.625
0.05,22,58.291666666666664
0.05,24,61.375
0.05,27,53.541666666666664
0.05,25,57.833333333333336
0.05,28,53.125
0.05,39,32.458333333333336
0.05,36,30.708333333333332
0.05,27,50.541666666666664
0.05,38,27.083333333333332
0.05,33,42.541666666666664
0.05,30,51.583333333333336
0.05,36,36.666666666666664
0.05,25,55.41666666666667
0.05,26,50.66666666666667
0.05,25,55.875
0.05,31,45.83333333333333
0.05,26,46.833333333333336
0.05,30,51.29166666666667
0.05,22,58.75
0.05,31,46.458333333333336
0.05,34,36.916666666666664
0.05,29,40.875
0.05,33,45.375
0.05,30,46.875
0.05,31,42.375
0.05,29,41.541666666666664
0.05,29,46.708333333333336
0.05,39,32.208333333333336
0.05,28,47.25
0.05,27,51.208333333333336
0.05,37,35.45833333333333
0.05,29,44.75
0.05,27,49.25
0.05,34,41.66666666666667
0.05,32,42.75
0.05,25,56.91666666666667
0.05,24,55.58333333333333
0.05,29,45.458333333333336
0.05,36,36.833333333333336
0.05,38,39.208333333333336
0.05,33,32.83333333333333
0.05,34,34.458333333333336
0.05,21,64.41666666666667
0.05,31,48.75
0.05,31,47.208333333333336
0.05,27,50.458333333333336
0.05,29,57.41666666666667
0.05,24,53.91666666666667
0.05,28,47.791666666666664
0.05,40,32.166666666666664
0.05,31,47.5
0.05,25,53.95833333333333
0.05,27,48.625
0.05,33,37.625
0.05,33,45.458333333333336
0.05,31,48.291666666666664
0.05,28,51.29166666666667
0.05,31,45.458333333333336
0.05,20,67.54166666666667
0.05,21,64.5
0.05,32,40.91666666666667
0.05,26,55.00000000000001
0.05,36,32.708333333333336
0.05,29,46.33333333333333
0.05,25,58.375
0.05,28,46.625
0.05,30,49.666666666666664
0.05,33,44.916666666666664
0.05,28,48.333333333333336
0.05,30,42.375
0.05,22,61.916666666666664
0.05,28,46.541666666666664
0.05,29,50.958333333333336
0.05,27,52.79166666666667
0.05,25,56.791666666666664
0.05,31,53.333333333333336
0.05,42,23.25
0.05,30,46.416666666666664
0.05,34,41.95833333333333
0.05,34,28.083333333333332
0.05,37,41.083333333333336
0.05,32,43.666666666666664
0.05,33,37.708333333333336
0.05,29,44.583333333333336
0.05,28,53.75
0.05,30,50.916666666666664
0.05,27,49.916666666666664
0.05,42,26.166666666666664
0.05,39,27.250000000000004
0.05,25,55.666666666666664
0.05,30,49.833333333333336
0.05,30,48.41666666666667
0.05,28,51.95833333333333
0.05,35,38.958333333333336
0.05,20,62.375
0.05,39,36.0
0.05,22,56.708333333333336
0.05,37,43.958333333333336
0.05,25,57.375
0.05,29,48.083333333333336
0.05,25,53.95833333333333
0.05,27,51.083333333333336
0.05,28,54.0
0.05,29,46.08333333333333
0.05,25,52.79166666666667
0.05,28,45.75
0.05,33,46.125
0.05,30,47.16666666666667
0.05,28,51.74999999999999
0.05,29,45.666666666666664
0.05,36,28.916666666666668
0.05,36,31.333333333333336
0.05,17,74.75
0.05,33,41.66666666666667
0.05,37,28.249999999999996
0.05,37,30.5
0.05,27,53.5
0.05,25,51.916666666666664
0.05,35,39.08333333333333
0.05,40,35.0
0.05,31,44.75
0.05,33,36.791666666666664
0.05,27,55.25
0.05,21,58.375
0.05,25,58.25
0.05,40,23.791666666666668
0.05,22,61.958333333333336
0.05,23,60.75000000000001
0.05,31,49.25
0.05,30,42.95833333333333
0.05,25,56.54166666666667
0.05,28,43.833333333333336
0.05,43,13.583333333333334
0.05,26,49.125
0.05,36,38.625
0.05,32,40.5
0.05,26,54.41666666666667
0.05,29,45.666666666666664
0.05,33,41.458333333333336
0.05,35,38.75
0.05,37,37.708333333333336
0.05,28,47.708333333333336
0.05,30,51.541666666666664
0.05,31,46.416666666666664
0.05,29,52.041666666666664
0.05,31,46.958333333333336
0.05,30,49.833333333333336
0.05,31,39.208333333333336
0.05,28,49.45833333333333
0.05,38,36.333333333333336
0.05,30,50.66666666666667
0.05,32,47.25
0.05,32,41.458333333333336
0.05,25,53.87499999999999
0.05,22,60.5
0.05,35,33.166666666666664
0.05,27,57.04166666666667
0.05,32,41.083333333333336
0.05,33,44.208333333333336
0.05,32,43.45833333333333
0.05,30,46.33333333333333
0.05,31,46.0
0.05,23,56.875
0.05,31,47.041666666666664
0.05,25,51.74999999999999
0.05,39,33.875
0.05,27,49.625
0.05,28,49.125
0.05,20,62.16666666666667
0.05,35,35.0
0.05,35,35.583333333333336
0.05,23,60.375
0.05,29,49.625
0.05,30,50.625
0.05,34,40.958333333333336
0.05,33,45.0
0.05,28,49.083333333333336
0.05,33,36.583333333333336
0.05,32,40.33333333333333
0.05,42,24.916666666666668
0.05,28,48.45833333333333
0.05,34,39.375
0.05,29,47.458333333333336
0.05,37,34.08333333333333
0.05,38,33.375
0.05,27,48.95833333333333
0.05,33,39.208333333333336
0.05,34,37.083333333333336
0.05,35,38.25
0.05,27,48.41666666666667
0.05,30,45.79166666666667
0.05,30,42.16666666666667
0.05,25,55.25
0.05,23,60.458333333333336
0.05,29,49.625
0.05,21,64.20833333333333
0.05,40,29.333333333333332
0.05,30,41.208333333333336
0.05,28,46.541666666666664
0.05,25,54.833333333333336
0.05,34,45.54166666666667
0.05,31,44.666666666666664
0.05,35,41.70833333333333
0.05,30,42.875
0.05,29,46.75
0.05,31,45.958333333333336
0.05,26,55.50000000000001
0.05,28,48.66666666666667
0.05,23,57.75
0.05,38,31.958333333333332
0.05,31,47.291666666666664
0.05,41,35.541666666666664
0.05,37,32.458333333333336
0.05,28,44.916666666666664
0.05,35,38.458333333333336
0.05,32,42.875
0.05,26,50.0
0.05,37,31.125000000000004
0.05,30,47.5
0.05,29,48.5
0.05,32,44.083333333333336
0.05,30,44.625
0.05,34,36.95833333333333
0.05,17,67.625
0.05,27,41.375
0.05,26,48.16666666666667
0.05,28,51.5
0.05,32,37.20833333333333
0.05,36,41.16666666666667
0.05,25,58.291666666666664
0.05,36,40.458333333333336
0.05,27,47.583333333333336
0.05,37,32.0
0.05,27,53.91666666666667
0.05,30,50.458333333333336
0.05,33,38.54166666666667
0.05,29,44.958333333333336
0.05,26,55.208333333333336
0.05,33,36.791666666666664
0.05,36,41.0
0.05,32,41.208333333333336
0.05,30,44.29166666666667
0.05,24,58.5
0.05,28,54.91666666666667
0.05,41,27.208333333333336
0.05,34,36.20833333333333
0.05,36,38.125
0.05,33,40.541666666666664
0.05,33,40.458333333333336
0.05,27,54.625
0.05,33,36.333333333333336
0.05,21,66.79166666666667
0.05,25,47.708333333333336
0.05,29,44.208333333333336
0.05,46,17.625
0.05,27,47.0
0.05,31,45.08333333333333
0.05,29,50.416666666666664
0.05,26,49.875
0.05,37,31.416666666666664
0.05,33,40.875
0.05,30,48.583333333333336
0.05,31,39.625
0.05,29,44.29166666666667
0.05,27,51.083333333333336
0.05,23,62.416666666666664
0.05,30,44.958333333333336
0.05,24,56.41666666666667
0.05,41,21.5
0.05,27,55.00000000000001
0.05,29,45.04166666666667
0.05,37,42.0
0.05,34,38.79166666666667
0.05,33,42.45833333333333
0.05,31,40.291666666666664
0.05,30,45.416666666666664
0.05,28,49.333333333333336
0.05,31,48.0
0.05,34,45.25
0.05,35,36.45833333333333
0.05,36,34.125
0.05,32,41.70833333333333
0.05,32,35.083333333333336
0.05,40,28.166666666666668
0.05,24,60.04166666666667
0.05,26,53.0
0.05,24,58.291666666666664
0.05,29,48.95833333333333
0.05,33,42.541666666666664
0.05,20,62.583333333333336
0.05,26,52.95833333333333
0.05,40,26.0
0.05,41,28.291666666666664
0.05,28,48.375
0.05,25,52.37500000000001
0.05,34,37.708333333333336
0.05,33,44.083333333333336
0.05,36,31.041666666666668
0.05,32,45.08333333333333
0.05,27,48.583333333333336
0.05,48,8.625
0.05,31,35.041666666666664
0.05,26,48.083333333333336
0.05,28,51.916666666666664
0.05,29,48.70833333333333
0.05,21,63.708333333333336
0.05,33,41.125
0.05,27,45.08333333333333
0.05,34,30.916666666666664
0.05,32,47.375
0.05,36,27.708333333333336
0.05,26,51.625
0.05,24,58.5
0.05,29,45.166666666666664
0.05,30,47.708333333333336
0.05,21,54.083333333333336
0.05,25,53.91666666666667
0.05,25,53.625
0.05,45,19.916666666666664
0.05,30,45.875
0.05,29,51.916666666666664
0.05,26,54.208333333333336
0.05,34,44.958333333333336
0.05,23,59.25
0.05,32,43.083333333333336
0.05,27,51.33333333333333
0.05,27,53.5
0.05,37,30.5
0.05,35,37.0
0.05,28,46.25
0.05,26,56.49999999999999
0.05,25,58.75
0.05,24,57.458333333333336
0.05,38,38.79166666666667
0.05,32,34.958333333333336
0.05,32,42.291666666666664
0.05,36,31.791666666666668
0.05,25,52.83333333333333
0.05,37,31.0
0.05,30,46.875
0.05,35,38.79166666666667
0.05,35,33.458333333333336
0.05,28,54.75
0.05,29,41.91666666666667
0.05,27,52.208333333333336
0.05,23,59.875
0.05,21,62.125
0.05,37,36.875
0.05,33,41.41666666666667
0.05,25,51.87500000000001
0.05,25,52.79166666666667
0.05,23,62.33333333333333
0.05,32,41.125
0.05,35,42.20833333333333
0.05,28,46.33333333333333
0.05,37,36.125
0.05,30,49.583333333333336
0.05,33,42.333333333333336
0.05,33,41.125
0.05,29,44.54166666666667
0.05,25,57.54166666666667
0.05,26,50.083333333333336
0.05,33,43.45833333333333
0.05,29,53.541666666666664
0.05,30,44.75
0.05,29,51.0
0.05,38,37.79166666666667
0.05,30,44.208333333333336
0.05,31,42.5
0.05,36,37.20833333333333
0.05,20,61.625
0.05,39,37.75
0.05,36,40.625
0.05,31,48.0
0.05,35,40.041666666666664
0.05,37,30.666666666666664
0.05,29,48.333333333333336
0.05,35,32.875
0.05,38,29.291666666666664
0.05,38,29.708333333333332
0.05,31,46.75
0.05,30,48.16666666666667
0.05,27,49.541666666666664
0.05,25,59.958333333333336
0.05,25,60.583333333333336
0.05,36,33.666666666666664
0.05,30,39.208333333333336
0.05,43,27.0
0.05,24,59.25
0.05,30,41.41666666666667
0.05,32,45.208333333333336
0.05,31,45.166666666666664
0.05,38,22.625
0.05,38,29.25
0.05,30,50.83333333333333
0.05,31,48.75
0.05,36,34.166666666666664
0.05,24,52.79166666666667
0.05,34,44.666666666666664
0.05,32,38.375
0.05,29,48.25
0.05,36,35.91666666666667
0.05,34,37.166666666666664
0.05,26,55.50000000000001
0.05,23,58.08333333333333
0.05,28,54.541666666666664
0.05,27,44.208333333333336
0.05,37,30.375000000000004
0.05,34,33.875
0.05,31,52.083333333333336
0.05,33,42.0
0.05,26,54.625
0.05,29,46.125
0.05,25,62.25000000000001
0.05,37,34.333333333333336
0.05,24,53.75
0.05,32,49.125
0.05,32,54.95833333333333
0.05,22,64.79166666666667
0.05,34,40.91666666666667
0.05,37,30.875000000000004
0.05,25,53.541666666666664
0.05,38,30.916666666666664
0.05,31,43.916666666666664
0.05,30,48.333333333333336
0.05,32,43.083333333333336
0.05,35,37.875
0.05,31,48.95833333333333
0.05,26,47.083333333333336
0.05,31,44.875
0.05,37,38.29166666666667
0.05,23,58.833333333333336
0.05,44,25.416666666666664
0.05,31,47.791666666666664
0.05,39,32.54166666666667
0.05,28,50.916666666666664
0.05,20,60.66666666666667
0.05,27,39.54166666666667
0.05,28,55.58333333333333
0.05,33,39.375
0.05,21,61.25000000000001
0.05,25,53.41666666666667
0.05,33,37.375
0.05,34,42.625
0.05,22,60.333333333333336
0.05,29,49.166666666666664
0.05,40,30.333333333333336
0.05,29,52.541666666666664
0.05,34,39.0
0.05,35,41.66666666666667
0.05,41,26.958333333333336
0.05,29,53.708333333333336
0.05,32,48.5
0.05,31,46.041666666666664
0.05,36,34.541666666666664
0.05,21,61.416666666666664
0.05,41,27.500000000000004
0.05,35,33.458333333333336
0.05,34,47.41666666666667
0.05,34,38.458333333333336
0.05,31,44.125
0.05,34,33.541666666666664
0.05,31,41.125
0.05,30,45.04166666666667
0.05,32,47.25
0.05,25,57.875
0.05,29,55.291666666666664
0.05,30,51.541666666666664
0.05,37,33.666666666666664
0.05,39,35.333333333333336
0.05,30,49.20833333333333
0.05,46,17.416666666666668
0.05,34,45.125
0.05,37,24.375
0.05,34,40.0
0.05,22,58.75
0.05,24,55.00000000000001
0.05,33,40.125
0.05,30,44.958333333333336
0.05,36,31.125000000000004
0.05,36,28.000000000000004
0.05,34,40.041666666666664
0.05,24,55.00000000000001
0.05,29,46.541666666666664
0.05,31,45.458333333333336
0.05,30,46.458333333333336
0.05,34,38.958333333333336
0.05,32,50.875
0.05,30,39.25
0.05,33,36.41666666666667
0.05,35,36.291666666666664
0.05,31,48.45833333333333
0.05,38,37.416666666666664
0.05,27,52.416666666666664
0.05,42,24.75
0.1,22,63.916666666666664
0.1,25,61.20833333333333
0.1,22,58.25
0.1,18,65.83333333333333
0.1,26,57.75
0.1,28,49.791666666666664
0.1,23,64.41666666666667
0.1,30,43.791666666666664
0.1,27,44.29166666666667
0.1,32,44.708333333333336
0.1,30,47.16666666666667
0.1,26,52.666666666666664
0.1,22,60.12499999999999
0.1,25,53.41666666666667
0.1,31,45.0
0.1,27,51.916666666666664
0.1,26,54.625
0.1,21,55.041666666666664
0.1,26,56.041666666666664
0.1,28,45.916666666666664
0.1,22,59.791666666666664
0.1,25,53.79166666666667
0.1,26,50.5
0.1,28,53.29166666666667
0.1,24,54.58333333333333
0.1,28,46.0
0.1,30,48.375
0.1,22,56.833333333333336
0.1,39,30.708333333333332
0.1,29,48.541666666666664
0.1,30,46.5
0.1,29,47.875
0.1,39,35.833333333333336
0.1,28,51.87500000000001
0.1,26,50.66666666666667
0.1,29,55.125
0.1,25,55.125
0.1,21,67.20833333333334
0.1,29,55.708333333333336
0.1,37,33.0
0.1,34,42.791666666666664
0.1,27,49.25
0.1,25,56.91666666666667
0.1,28,49.041666666666664
0.1,16,70.70833333333333
0.1,33,32.83333333333333
0.1,20,66.91666666666667
0.1,20,65.375
0.1,38,40.291666666666664
0.1,27,51.625
0.1,29,44.75
0.1,26,52.5
0.1,31,43.20833333333333
0.1,27,45.58333333333333
0.1,21,62.083333333333336
0.1,26,53.125
0.1,29,46.291666666666664
0.1,33,37.625
0.1,25,52.79166666666667
0.1,16,72.375
0.1,24,61.75000000000001
0.1,29,51.416666666666664
0.1,20,67.54166666666667
0.1,30,48.833333333333336
0.1,34,34.416666666666664
0.1,34,36.875
0.1,29,50.958333333333336
0.1,29,48.25
0.1,38,37.79166666666667
0.1,30,51.416666666666664
0.1,30,49.291666666666664
0.1,27,54.708333333333336
0.1,25,51.625
0.1,25,55.08333333333333
0.1,17,66.79166666666667
0.1,25,56.791666666666664
0.1,35,35.208333333333336
0.1,29,50.66666666666667
0.1,36,37.583333333333336
0.1,31,46.666666666666664
0.1,22,59.583333333333336
0.1,38,25.5
0.1,31,43.041666666666664
0.1,25,58.62500000000001
0.1,29,47.125
0.1,28,54.041666666666664
0.1,20,62.375
0.1,31,47.95833333333333
0.1,25,57.62500000000001
0.1,29,50.458333333333336
0.1,26,53.541666666666664
0.1,26,51.45833333333333
0.1,30,45.83333333333333
0.1,36,35.833333333333336
0.1,31,43.416666666666664
0.1,27,49.375
0.1,29,48.75
0.1,27,52.166666666666664
0.1,33,42.66666666666667
0.1,28,47.25
0.1,33,42.083333333333336
0.1,21,69.20833333333334
0.1,37,43.958333333333336
0.1,31,45.416666666666664
0.1,24,52.83333333333333
0.1,21,63.708333333333336
0.1,36,34.125
0.1,25,56.41666666666667
0.1,32,40.041666666666664
0.1,34,37.20833333333333
0.1,25,52.79166666666667
0.1,27,52.166666666666664
0.1,29,47.25
0.1,33,42.75
0.1,24,58.25
0.1,26,53.041666666666664
0.1,37,31.291666666666668
0.1,29,46.5
0.1,37,39.166666666666664
0.1,26,49.75
0.1,15,78.125
0.1,32,43.083333333333336
0.1,33,39.25
0.1,31,38.083333333333336
0.1,40,27.833333333333332
0.1,30,48.875
0.1,35,35.291666666666664
0.1,23,53.833333333333336
0.1,28,49.125
0.1,30,43.666666666666664
0.1,30,49.291666666666664
0.1,27,55.91666666666667
0.1,23,57.99999999999999
0.1,33,43.875
0.1,32,40.208333333333336
0.1,26,57.458333333333336
0.1,27,50.041666666666664
0.1,25,53.0
0.1,22,56.666666666666664
0.1,28,51.5
0.1,25,51.74999999999999
0.1,24,53.166666666666664
0.1,25,44.958333333333336
0.1,29,45.166666666666664
0.1,38,33.04166666666667
0.1,26,59.0
0.1,31,46.416666666666664
0.1,25,53.0
0.1,21,64.41666666666667
0.1,30,50.458333333333336
0.1,27,54.125
0.1,21,65.875
0.1,35,38.125
0.1,27,51.45833333333333
0.1,23,60.12499999999999
0.1,30,45.666666666666664
0.1,28,47.75
0.1,21,64.45833333333333
0.1,29,53.0
0.1,27,49.625
0.1,35,33.166666666666664
0.1,28,49.416666666666664
0.1,22,63.583333333333336
0.1,32,41.41666666666667
0.1,32,44.5
0.1,25,53.87499999999999
0.1,29,49.041666666666664
0.1,25,55.08333333333333
0.1,29,46.166666666666664
0.1,22,60.5
0.1,30,49.916666666666664
0.1,23,62.20833333333333
0.1,28,49.125
0.1,23,62.916666666666664
0.1,30,50.625
0.1,19,64.04166666666666
0.1,27,48.833333333333336
0.1,31,50.041666666666664
0.1,30,49.125
0.1,34,36.75
0.1,42,24.916666666666668
0.1,32,34.791666666666664
0.1,29,48.5
0.1,32,40.33333333333333
0.1,28,51.916666666666664
0.1,29,45.83333333333333
0.1,30,48.91666666666667
0.1,29,49.20833333333333
0.1,32,50.125
0.1,33,39.0
0.1,32,38.666666666666664
0.1,20,66.79166666666667
0.1,29,44.333333333333336
0.1,21,64.20833333333333
0.1,32,46.375
0.1,32,46.291666666666664
0.1,38,27.750000000000004
0.1,31,39.958333333333336
0.1,34,40.08333333333333
0.1,24,56.41666666666667
0.1,28,52.416666666666664
0.1,25,55.25
0.1,32,43.291666666666664
0.1,32,43.791666666666664
0.1,27,51.95833333333333
0.1,24,53.083333333333336
0.1,35,33.375
0.1,34,41.583333333333336
0.1,30,44.958333333333336
0.1,33,34.541666666666664
0.1,24,57.291666666666664
0.1,25,54.208333333333336
0.1,36,42.125
0.1,27,50.458333333333336
0.1,28,47.75
0.1,27,55.208333333333336
0.1,33,33.875
0.1,31,48.25
0.1,28,46.58333333333333
0.1,31,41.791666666666664
0.1,30,49.75
0.1,32,42.875
0.1,30,48.583333333333336
0.1,35,38.208333333333336
0.1,17,68.54166666666667
0.1,22,59.333333333333336
0.1,31,46.291666666666664
0.1,26,56.666666666666664
0.1,25,57.99999999999999
0.1,23,61.75000000000001
0.1,31,44.79166666666667
0.1,29,56.08333333333333
0.1,28,53.708333333333336
0.1,28,48.625
0.1,27,41.375
0.1,25,58.291666666666664
0.1,29,44.958333333333336
0.1,31,42.041666666666664
0.1,24,54.666666666666664
0.1,35,38.375
0.1,36,34.66666666666667
0.1,33,46.33333333333333
0.1,15,72.91666666666666
0.1,23,59.458333333333336
0.1,41,29.041666666666664
0.1,35,39.33333333333333
0.1,31,45.208333333333336
0.1,40,28.000000000000004
0.1,28,48.125
0.1,27,55.08333333333333
0.1,24,55.875
0.1,21,66.0
0.1,30,45.916666666666664
0.1,29,46.666666666666664
0.1,28,51.16666666666667
0.1,38,31.874999999999996
0.1,40,22.666666666666664
0.1,36,37.625
0.1,26,55.666666666666664
0.1,28,48.45833333333333
0.1,30,45.29166666666667
0.1,31,44.0
0.1,31,45.08333333333333
0.1,27,53.666666666666664
0.1,27,53.25
0.1,26,59.08333333333333
0.1,29,44.29166666666667
0.1,25,58.70833333333333
0.1,39,33.08333333333333
0.1,34,38.58333333333333
0.1,36,35.0
0.1,26,52.208333333333336
0.1,25,50.66666666666667
0.1,37,43.5
0.1,32,45.54166666666667
0.1,28,53.041666666666664
0.1,26,53.333333333333336
0.1,26,56.166666666666664
0.1,27,47.95833333333333
0.1,41,20.791666666666668
0.1,27,50.416666666666664
0.1,27,54.041666666666664
0.1,30,48.875
0.1,29,47.125
0.1,24,53.37499999999999
0.1,28,44.04166666666667
0.1,29,44.5
0.1,24,57.49999999999999
0.1,30,43.625
0.1,24,54.95833333333333
0.1,32,49.25
0.1,31,43.041666666666664
0.1,21,64.29166666666667
0.1,26,50.875
0.1,20,62.583333333333336
0.1,26,54.833333333333336
0.1,37,34.458333333333336
0.1,19,64.91666666666667
0.1,31,39.916666666666664
0.1,28,53.29166666666667
0.1,29,48.041666666666664
0.1,35,41.16666666666667
0.1,29,52.0
0.1,29,43.833333333333336
0.1,36,31.041666666666668
0.1,24,54.37499999999999
0.1,31,36.70833333333333
0.1,27,45.08333333333333
0.1,19,66.45833333333333
0.1,25,48.791666666666664
0.1,28,47.5
0.1,27,56.333333333333336
0.1,26,54.58333333333333
0.1,29,45.04166666666667
0.1,29,39.5
0.1,25,53.625
0.1,21,61.541666666666664
0.1,25,56.208333333333336
0.1,22,60.62499999999999
0.1,27,48.20833333333333
0.1,25,53.91666666666667
0.1,26,51.083333333333336
0.1,29,51.583333333333336
0.1,24,58.70833333333333
0.1,30,46.416666666666664
0.1,30,48.291666666666664
0.1,30,48.75
0.1,31,36.375
0.1,25,58.791666666666664
0.1,26,50.16666666666667
0.1,35,33.458333333333336
0.1,19,67.66666666666666
0.1,27,46.625
0.1,26,58.333333333333336
0.1,29,45.29166666666667
0.1,25,52.79166666666667
0.1,24,49.041666666666664
0.1,28,46.25
0.1,21,63.79166666666667
0.1,25,58.791666666666664
0.1,30,40.708333333333336
0.1,32,41.875
0.1,46,20.041666666666664
0.1,27,50.83333333333333
0.1,24,59.333333333333336
0.1,30,47.5
0.1,31,45.04166666666667
0.1,21,62.416666666666664
0.1,33,43.625
0.1,27,48.75
0.1,26,51.583333333333336
0.1,30,42.875
0.1,40,31.416666666666664
0.1,20,68.79166666666666
0.1,27,47.66666666666667
0.1,26,58.04166666666667
0.1,33,41.208333333333336
0.1,33,39.58333333333333
0.1,25,51.87500000000001
0.1,35,37.583333333333336
0.1,30,51.66666666666667
0.1,29,49.875
0.1,18,68.70833333333334
0.1,26,52.666666666666664
0.1,27,57.04166666666667
0.1,28,46.33333333333333
0.1,25,55.666666666666664
0.1,34,37.20833333333333
0.1,22,62.583333333333336
0.1,33,45.58333333333333
0.1,31,43.541666666666664
0.1,33,40.541666666666664
0.1,16,71.16666666666667
0.1,34,43.583333333333336
0.1,22,59.333333333333336
0.1,32,41.70833333333333
0.1,33,46.375
0.1,37,38.458333333333336
0.1,31,48.0
0.1,41,29.5
0.1,31,42.20833333333333
0.1,31,46.75
0.1,35,37.041666666666664
0.1,29,48.45833333333333
0.1,20,63.29166666666667
0.1,43,27.416666666666668
0.1,30,45.958333333333336
0.1,17,70.29166666666666
0.1,32,38.875
0.1,29,42.083333333333336
0.1,32,42.916666666666664
0.1,27,52.0
0.1,32,44.958333333333336
0.1,30,47.125
0.1,28,51.916666666666664
0.1,22,61.70833333333333
0.1,25,54.50000000000001
0.1,30,52.625
0.1,24,57.375
0.1,30,45.458333333333336
0.1,19,64.33333333333333
0.1,28,48.45833333333333
0.1,26,53.87499999999999
0.1,28,50.79166666666667
0.1,30,51.0
0.1,28,50.458333333333336
0.1,31,43.25
0.1,23,58.08333333333333
0.1,23,58.416666666666664
0.1,29,49.0
0.1,30,46.5
0.1,27,56.791666666666664
0.1,25,56.125
0.1,20,64.70833333333333
0.1,28,47.95833333333333
0.1,35,39.58333333333333
0.1,24,55.041666666666664
0.1,26,53.708333333333336
0.1,40,30.083333333333336
0.1,23,61.75000000000001
0.1,27,52.83333333333333
0.1,33,39.416666666666664
0.1,21,65.95833333333333
0.1,33,43.958333333333336
0.1,22,55.125
0.1,22,59.0
0.1,22,64.66666666666666
0.1,37,26.291666666666668
0.1,26,53.45833333333333
0.1,23,61.20833333333333
0.1,24,59.54166666666667
0.1,28,49.166666666666664
0.1,28,51.125
0.1,32,44.583333333333336
0.1,35,39.375
0.1,26,58.25
0.1,36,36.666666666666664
0.1,26,47.91666666666667
0.1,26,56.291666666666664
0.1,26,56.208333333333336
0.1,19,60.54166666666667
0.1,32,41.583333333333336
0.1,34,46.291666666666664
0.1,27,57.58333333333333
0.1,33,39.54166666666667
0.1,34,42.625
0.1,29,52.25
0.1,18,62.583333333333336
0.1,33,45.958333333333336
0.1,32,42.625
0.1,22,60.333333333333336
0.1,40,30.333333333333336
0.1,29,46.541666666666664
0.1,26,54.083333333333336
0.1,30,36.16666666666667
0.1,35,37.666666666666664
0.1,24,55.375
0.1,37,37.958333333333336
0.1,21,61.416666666666664
0.1,25,61.16666666666667
0.1,31,45.04166666666667
0.1,36,29.291666666666664
0.1,27,54.95833333333333
0.1,32,38.458333333333336
0.1,34,36.875
0.1,29,46.541666666666664
0.1,35,33.458333333333336
0.1,28,51.5
0.1,26,55.833333333333336
0.1,31,41.125
0.1,30,51.541666666666664
0.1,34,38.416666666666664
0.1,28,53.625
0.1,31,44.125
0.1,23,55.708333333333336
0.1,36,37.20833333333333
0.1,16,68.33333333333333
0.1,18,70.16666666666667
0.1,26,56.75
0.1,22,60.416666666666664
0.1,29,49.5
0.1,41,13.625000000000002
0.1,35,41.833333333333336
0.1,23,55.541666666666664
0.1,36,41.083333333333336
0.1,25,54.0
0.1,24,57.375
0.1,34,38.125
0.1,21,63.375
0.1,42,24.75
0.1,31,48.45833333333333
0.1,37,25.416666666666664
0.1,17,71.58333333333333
0.1,34,38.958333333333336
0.1,23,51.74999999999999
0.1,25,58.25
0.1,29,46.833333333333336
0.1,30,52.208333333333336
0.1,31,50.0
0.1,34,45.125
0.15,21,55.041666666666664
0.15,21,59.875
0.15,26,52.916666666666664
0.15,23,62.541666666666664
0.15,23,58.375
0.15,32,43.75
0.15,25,61.20833333333333
0.15,26,52.25
0.15,23,59.958333333333336
0.15,23,56.958333333333336
0.15,27,54.25
0.15,28,50.041666666666664
0.15,26,52.666666666666664
0.15,29,49.541666666666664
0.15,35,32.33333333333333
0.15,34,42.541666666666664
0.15,26,56.041666666666664
0.15,30,43.791666666666664
0.15,22,57.125
0.15,28,54.041666666666664
0.15,22,60.458333333333336
0.15,27,47.833333333333336
0.15,26,50.5
0.15,29,51.29166666666667
0.15,22,59.791666666666664
0.15,27,54.0
0.15,24,54.541666666666664
0.15,28,53.208333333333336
0.15,34,41.291666666666664
0.15,29,50.16666666666667
0.15,31,43.791666666666664
0.15,24,53.25
0.15,22,64.33333333333333
0.15,24,53.166666666666664
0.15,22,57.833333333333336
0.15,31,43.541666666666664
0.15,24,54.708333333333336
0.15,21,57.958333333333336
0.15,23,62.541666666666664
0.15,28,48.66666666666667
0.15,26,51.416666666666664
0.15,33,42.75
0.15,20,66.91666666666667
0.15,29,50.083333333333336
0.15,27,54.37499999999999
0.15,25,57.208333333333336
0.15,25,56.91666666666667
0.15,27,45.458333333333336
0.15,24,50.458333333333336
0.15,22,58.08333333333333
0.15,25,56.49999999999999
0.15,37,37.20833333333333
0.15,33,37.625
0.15,25,56.75
0.15,29,46.291666666666664
0.15,35,27.708333333333336
0.15,21,58.916666666666664
0.15,19,67.45833333333333
0.15,16,72.375
0.15,27,51.0
0.15,30,45.75
0.15,20,67.54166666666667
0.15,29,51.95833333333333
0.15,27,50.83333333333333
0.15,25,57.58333333333333
0.15,22,59.583333333333336
0.15,29,48.375
0.15,22,64.91666666666667
0.15,21,65.33333333333333
0.15,27,56.125
0.15,31,44.75
0.15,19,66.83333333333333
0.15,14,77.16666666666666
0.15,26,52.0
0.15,24,54.91666666666667
0.15,31,44.0
0.15,28,55.541666666666664
0.15,25,56.08333333333333
0.15,24,59.833333333333336
0.15,25,55.08333333333333
0.15,32,40.041666666666664
0.15,30,49.333333333333336
0.15,24,60.875
0.15,27,53.37499999999999
0.15,37,31.958333333333332
0.15,24,58.791666666666664
0.15,26,47.375
0.15,14,74.58333333333333
0.15,22,62.708333333333336
0.15,27,55.375
0.15,31,36.791666666666664
0.15,29,40.5
0.15,32,48.75
0.15,22,59.0
0.15,27,48.291666666666664
0.15,35,38.958333333333336
0.15,30,45.83333333333333
0.15,28,46.33333333333333
0.15,34,38.916666666666664
0.15,37,43.958333333333336
0.15,25,58.333333333333336
0.15,26,56.08333333333333
0.15,31,45.416666666666664
0.15,18,65.75
0.15,21,62.16666666666667
0.15,24,52.29166666666667
0.15,18,67.54166666666667
0.15,33,42.083333333333336
0.15,30,48.791666666666664
0.15,23,62.416666666666664
0.15,26,53.041666666666664
0.15,16,76.58333333333334
0.15,24,54.25
0.15,27,48.625
0.15,28,52.708333333333336
0.15,30,38.625
0.15,22,62.79166666666667
0.15,33,41.0
0.15,28,49.125
0.15,30,40.291666666666664
0.15,35,34.791666666666664
0.15,25,52.666666666666664
0.15,30,48.875
0.15,25,55.375
0.15,24,56.041666666666664
0.15,15,71.66666666666667
0.15,19,64.66666666666666
0.15,29,46.5
0.15,23,57.99999999999999
0.15,31,50.24999999999999
0.15,27,54.95833333333333
0.15,16,75.79166666666667
0.15,27,56.208333333333336
0.15,30,49.291666666666664
0.15,21,63.83333333333333
0.15,17,68.41666666666667
0.15,24,61.83333333333333
0.15,33,34.91666666666667
0.15,24,59.333333333333336
0.15,29,45.33333333333333
0.15,33,42.333333333333336
0.15,24,61.33333333333333
0.15,31,46.416666666666664
0.15,33,46.208333333333336
0.15,18,68.625
0.15,21,58.62500000000001
0.15,25,51.74999999999999
0.15,27,51.66666666666667
0.15,29,54.45833333333333
0.15,23,54.208333333333336
0.15,27,58.25
0.15,27,53.91666666666667
0.15,22,56.625
0.15,31,43.20833333333333
0.15,22,61.75000000000001
0.15,34,31.583333333333336
0.15,20,64.91666666666667
0.15,21,61.083333333333336
0.15,31,39.916666666666664
0.15,25,57.49999999999999
0.15,26,57.08333333333333
0.15,30,44.666666666666664
0.15,25,53.87499999999999
0.15,26,56.54166666666667
0.15,22,60.5
0.15,30,45.25
0.15,22,63.583333333333336
0.15,26,56.041666666666664
0.15,27,57.166666666666664
0.15,25,57.375
0.15,30,49.916666666666664
0.15,28,49.166666666666664
0.15,22,63.208333333333336
0.15,29,42.95833333333333
0.15,28,49.125
0.15,26,52.25
0.15,31,44.416666666666664
0.15,23,55.041666666666664
0.15,26,47.583333333333336
0.15,34,45.83333333333333
0.15,32,42.0
0.15,22,63.0
0.15,28,52.83333333333333
0.15,32,40.33333333333333
0.15,23,56.875
0.15,25,61.20833333333333
0.15,23,53.45833333333333
0.15,27,52.33333333333333
0.15,20,66.79166666666667
0.15,27,54.37499999999999
0.15,25,47.208333333333336
0.15,26,55.58333333333333
0.15,31,39.958333333333336
0.15,20,62.875
0.15,30,46.75
0.15,29,40.5
0.15,27,56.25
0.15,20,64.29166666666667
0.15,20,63.458333333333336
0.15,21,64.75
0.15,32,46.291666666666664
0.15,37,41.66666666666667
0.15,25,52.541666666666664
0.15,35,38.333333333333336
0.15,24,56.75
0.15,26,56.291666666666664
0.15,26,53.208333333333336
0.15,34,39.125
0.15,21,60.333333333333336
0.15,31,50.0
0.15,22,63.33333333333333
0.15,36,35.45833333333333
0.15,27,58.20833333333333
0.15,27,55.208333333333336
0.15,28,47.75
0.15,30,45.54166666666667
0.15,21,58.875
0.15,37,35.125
0.15,30,41.125
0.15,28,46.58333333333333
0.15,20,63.83333333333333
0.15,33,39.625
0.15,28,45.33333333333333
0.15,27,45.708333333333336
0.15,30,44.583333333333336
0.15,28,43.125
0.15,25,54.541666666666664
0.15,20,65.41666666666667
0.15,23,54.75
0.15,24,60.16666666666667
0.15,26,53.91666666666667
0.15,22,63.33333333333333
0.15,25,53.041666666666664
0.15,23,60.75000000000001
0.15,29,47.125
0.15,28,49.583333333333336
0.15,20,68.41666666666667
0.15,26,59.333333333333336
0.15,24,52.208333333333336
0.15,27,47.208333333333336
0.15,29,46.958333333333336
0.15,36,34.66666666666667
0.15,33,46.33333333333333
0.15,16,69.16666666666667
0.15,16,72.04166666666667
0.15,26,53.625
0.15,24,58.791666666666664
0.15,17,68.29166666666666
0.15,25,53.87499999999999
0.15,25,51.66666666666667
0.15,34,40.791666666666664
0.15,24,62.0
0.15,23,63.79166666666667
0.15,26,51.66666666666667
0.15,35,29.875
0.15,38,31.874999999999996
0.15,27,54.37499999999999
0.15,29,53.0
0.15,27,49.5
0.15,21,58.08333333333333
0.15,20,65.125
0.15,29,49.125
0.15,27,54.333333333333336
0.15,24,53.87499999999999
0.15,22,60.62499999999999
0.15,31,45.875
0.15,24,48.95833333333333
0.15,17,72.41666666666666
0.15,27,48.625
0.15,28,55.375
0.15,24,55.541666666666664
0.15,25,53.125
0.15,29,47.125
0.15,20,63.79166666666667
0.15,32,45.54166666666667
0.15,34,37.79166666666667
0.15,23,55.25
0.15,25,50.66666666666667
0.15,29,53.541666666666664
0.15,27,53.625
0.15,23,60.83333333333333
0.15,25,52.87500000000001
0.15,26,56.375
0.15,30,43.625
0.15,32,40.5
0.15,23,59.25
0.15,28,44.04166666666667
0.15,35,25.958333333333332
0.15,25,54.75
0.15,24,53.37499999999999
0.15,22,61.541666666666664
0.15,24,55.875
0.15,29,52.541666666666664
0.15,26,56.375
0.15,20,64.45833333333333
0.15,23,62.875
0.15,34,36.5
0.15,21,63.0
0.15,29,43.833333333333336
0.15,31,46.375
0.15,24,53.79166666666667
0.15,26,51.79166666666667
0.15,28,53.87499999999999
0.15,29,47.16666666666667
0.15,23,63.541666666666664
0.15,19,63.125
0.15,25,53.95833333333333
0.15,24,50.83333333333333
0.15,19,66.45833333333333
0.15,18,62.125
0.15,26,54.45833333333333
0.15,28,50.16666666666667
0.15,30,46.291666666666664
0.15,31,45.708333333333336
0.15,22,55.41666666666667
0.15,25,53.91666666666667
0.15,19,62.125
0.15,23,57.54166666666667
0.15,26,54.45833333333333
0.15,27,45.625
0.15,23,62.708333333333336
0.15,29,43.916666666666664
0.15,26,46.708333333333336
0.15,28,47.791666666666664
0.15,29,51.583333333333336
0.15,25,51.583333333333336
0.15,30,53.41666666666667
0.15,21,61.66666666666667
0.15,22,60.25
0.15,23,60.54166666666667
0.15,25,58.791666666666664
0.15,21,61.16666666666667
0.15,29,45.29166666666667
0.15,19,62.958333333333336
0.15,25,52.79166666666667
0.15,25,51.83333333333333
0.15,28,46.25
0.15,26,52.541666666666664
0.15,21,63.79166666666667
0.15,27,50.83333333333333
0.15,30,41.75
0.15,33,43.625
0.15,21,62.416666666666664
0.15,28,51.74999999999999
0.15,29,41.625
0.15,33,39.58333333333333
0.15,32,43.125
0.15,28,57.791666666666664
0.15,28,53.083333333333336
0.15,25,56.666666666666664
0.15,33,46.08333333333333
0.15,30,44.875
0.15,20,68.79166666666666
0.15,24,49.833333333333336
0.15,25,52.33333333333333
0.15,23,60.04166666666667
0.15,30,46.541666666666664
0.15,24,63.74999999999999
0.15,28,48.833333333333336
0.15,21,55.833333333333336
0.15,29,48.333333333333336
0.15,33,39.08333333333333
0.15,27,53.75
0.15,27,47.66666666666667
0.15,23,64.45833333333333
0.15,26,53.541666666666664
0.15,18,68.875
0.15,27,57.04166666666667
0.15,34,39.208333333333336
0.15,31,51.208333333333336
0.15,20,67.79166666666666
0.15,26,48.0
0.15,17,64.08333333333334
0.15,20,66.0
0.15,29,47.583333333333336
0.15,30,51.66666666666667
0.15,30,49.125
0.15,37,37.458333333333336
0.15,31,46.75
0.15,24,52.666666666666664
0.15,26,60.70833333333333
0.15,25,58.5
0.15,30,39.375
0.15,36,32.54166666666667
0.15,31,43.45833333333333
0.15,38,35.375
0.15,25,62.33333333333333
0.15,25,58.25
0.15,29,48.583333333333336
0.15,35,37.041666666666664
0.15,30,45.958333333333336
0.15,25,54.45833333333333
0.15,15,71.79166666666667
0.15,30,49.70833333333333
0.15,30,50.74999999999999
0.15,23,55.666666666666664
0.15,25,57.958333333333336
0.15,30,47.125
0.15,25,54.58333333333333
0.15,26,56.41666666666667
0.15,29,48.791666666666664
0.15,26,56.125
0.15,23,56.41666666666667
0.15,32,44.333333333333336
0.15,19,64.41666666666667
0.15,30,45.958333333333336
0.15,21,64.29166666666667
0.15,19,67.16666666666666
0.15,23,57.375
0.15,25,50.33333333333333
0.15,26,59.08333333333333
0.15,23,55.08333333333333
0.15,30,41.95833333333333
0.15,24,56.666666666666664
0.15,25,56.208333333333336
0.15,26,55.41666666666667
0.15,29,50.416666666666664
0.15,24,55.75
0.15,22,59.0
0.15,30,51.208333333333336
0.15,24,55.041666666666664
0.15,27,50.416666666666664
0.15,21,64.58333333333334
0.15,25,56.666666666666664
0.15,33,42.66666666666667
0.15,22,67.04166666666667
0.15,27,51.541666666666664
0.15,26,53.708333333333336
0.15,24,56.58333333333333
0.15,25,59.583333333333336
0.15,25,58.20833333333333
0.15,21,65.95833333333333
0.15,27,51.24999999999999
0.15,16,66.125
0.15,25,52.125
0.15,21,62.083333333333336
0.15,31,51.125
0.15,27,51.29166666666667
0.15,23,61.20833333333333
0.15,26,49.541666666666664
0.15,26,56.58333333333333
0.15,20,67.29166666666667
0.15,32,40.0
0.15,24,54.083333333333336
0.15,19,64.5
0.15,19,66.95833333333333
0.15,40,30.333333333333336
0.15,30,52.5
0.15,21,62.875
0.15,23,59.75
0.15,20,63.541666666666664
0.15,29,47.875
0.15,20,59.916666666666664
0.15,31,48.45833333333333
0.15,24,61.791666666666664
0.15,27,53.95833333333333
0.15,21,60.54166666666667
0.15,33,45.416666666666664
0.15,27,52.95833333333333
0.15,30,36.16666666666667
0.15,24,58.08333333333333
0.15,28,55.333333333333336
0.15,32,42.70833333333333
0.15,32,38.458333333333336
0.15,16,68.33333333333333
0.15,32,43.25
0.15,33,39.54166666666667
0.15,29,46.541666666666664
0.15,34,38.333333333333336
0.15,19,63.74999999999999
0.15,27,54.95833333333333
0.15,19,60.54166666666667
0.15,23,55.708333333333336
0.15,20,64.83333333333333
0.15,28,49.416666666666664
0.15,32,46.375
0.15,18,70.16666666666667
0.15,24,54.708333333333336
0.15,34,38.416666666666664
0.15,36,37.20833333333333
0.15,26,54.79166666666667
0.15,31,47.95833333333333
0.15,30,48.91666666666667
0.15,33,46.75
0.15,18,70.70833333333333
0.15,29,54.58333333333333
0.15,32,35.333333333333336
0.15,20,66.625
0.15,34,41.5
0.15,26,56.041666666666664
0.15,22,64.95833333333333
0.15,29,50.083333333333336
0.15,28,47.66666666666667
0.15,35,32.75
0.15,30,51.583333333333336
0.15,27,53.625
0.15,30,46.125
0.15,29,43.833333333333336
0.15,25,58.25
0.15,20,56.375
0.2,23,59.958333333333336
0.2,16,71.0
0.2,30,51.16666666666667
0.2,16,73.375
0.2,21,63.0
0.2,24,62.5
0.2,21,59.416666666666664
0.2,18,62.83333333333333
0.2,25,52.79166666666667
0.2,30,45.125
0.2,27,55.75
0.2,23,56.958333333333336
0.2,20,63.208333333333336
0.2,25,59.0
0.2,26,54.708333333333336
0.2,26,56.041666666666664
0.2,16,73.58333333333333
0.2,29,51.37500000000001
0.2,27,54.166666666666664
0.2,19,66.75
0.2,17,68.29166666666666
0.2,28,54.041666666666664
0.2,22,57.791666666666664
0.2,28,45.08333333333333
0.2,22,57.125
0.2,29,50.16666666666667
0.2,17,70.41666666666667
0.2,20,63.041666666666664
0.2,25,53.666666666666664
0.2,28,51.708333333333336
0.2,24,55.58333333333333
0.2,24,51.208333333333336
0.2,21,66.66666666666666
0.2,24,57.458333333333336
0.2,21,59.20833333333333
0.2,25,54.041666666666664
0.2,22,57.833333333333336
0.2,21,61.458333333333336
0.2,23,66.25
0.2,27,48.875
0.2,18,70.45833333333333
0.2,29,46.416666666666664
0.2,20,65.04166666666666
0.2,21,64.5
0.2,24,59.08333333333333
0.2,33,42.75
0.2,33,40.208333333333336
0.2,29,50.083333333333336
0.2,22,58.08333333333333
0.2,25,56.49999999999999
0.2,24,62.125
0.2,23,61.958333333333336
0.2,24,51.125
0.2,27,44.75
0.2,13,78.29166666666667
0.2,25,56.08333333333333
0.2,16,72.375
0.2,20,67.375
0.2,33,40.208333333333336
0.2,19,67.66666666666666
0.2,21,62.33333333333333
0.2,30,50.875
0.2,33,37.625
0.2,27,54.041666666666664
0.2,31,46.75
0.2,22,60.291666666666664
0.2,30,48.333333333333336
0.2,31,40.583333333333336
0.2,21,58.916666666666664
0.2,25,57.208333333333336
0.2,21,65.95833333333333
0.2,11,83.58333333333333
0.2,27,50.83333333333333
0.2,22,60.16666666666667
0.2,32,39.5
0.2,31,44.0
0.2,22,64.91666666666667
0.2,27,48.125
0.2,19,66.66666666666666
0.2,15,71.625
0.2,15,69.875
0.2,24,54.541666666666664
0.2,18,66.79166666666667
0.2,27,52.5
0.2,22,57.49999999999999
0.2,27,48.66666666666667
0.2,32,48.75
0.2,30,46.875
0.2,24,61.291666666666664
0.2,32,45.208333333333336
0.2,28,45.708333333333336
0.2,21,61.541666666666664
0.2,26,52.416666666666664
0.2,21,62.0
0.2,26,48.833333333333336
0.2,23,60.958333333333336
0.2,20,60.04166666666667
0.2,22,63.541666666666664
0.2,41,38.29166666666667
0.2,19,71.16666666666667
0.2,22,60.75000000000001
0.2,25,52.0
0.2,24,60.875
0.2,19,69.25
0.2,18,65.75
0.2,15,74.08333333333333
0.2,29,49.416666666666664
0.2,28,44.708333333333336
0.2,23,51.83333333333333
0.2,22,61.083333333333336
0.2,18,67.29166666666667
0.2,21,61.83333333333333
0.2,26,59.458333333333336
0.2,29,45.25
0.2,30,42.041666666666664
0.2,28,49.70833333333333
0.2,28,49.125
0.2,29,48.75
0.2,23,59.66666666666667
0.2,28,46.625
0.2,25,54.25
0.2,25,55.45833333333333
0.2,35,41.16666666666667
0.2,24,61.83333333333333
0.2,17,67.54166666666667
0.2,28,55.708333333333336
0.2,26,49.166666666666664
0.2,21,62.875
0.2,16,76.58333333333334
0.2,33,42.25
0.2,17,68.41666666666667
0.2,16,75.79166666666667
0.2,19,61.625
0.2,32,44.875
0.2,30,51.083333333333336
0.2,18,68.625
0.2,22,57.91666666666667
0.2,33,40.208333333333336
0.2,25,58.04166666666667
0.2,15,74.79166666666667
0.2,24,55.91666666666667
0.2,27,49.291666666666664
0.2,23,61.375
0.2,25,56.41666666666667
0.2,31,46.416666666666664
0.2,19,62.16666666666667
0.2,25,55.25
0.2,36,41.208333333333336
0.2,25,58.875
0.2,32,47.208333333333336
0.2,20,61.375
0.2,23,59.25
0.2,27,57.58333333333333
0.2,21,61.083333333333336
0.2,26,54.166666666666664
0.2,18,66.41666666666667
0.2,32,42.875
0.2,22,56.625
0.2,30,43.625
0.2,24,61.583333333333336
0.2,22,63.29166666666667
0.2,26,55.58333333333333
0.2,22,60.5
0.2,26,55.95833333333333
0.2,29,51.208333333333336
0.2,24,54.625
0.2,24,62.66666666666667
0.2,19,63.24999999999999
0.2,21,62.0
0.2,24,52.0
0.2,21,65.58333333333334
0.2,31,45.54166666666667
0.2,24,57.99999999999999
0.2,25,62.33333333333333
0.2,30,45.25
0.2,28,57.62500000000001
0.2,27,53.333333333333336
0.2,28,50.041666666666664
0.2,24,61.875
0.2,25,55.41666666666667
0.2,30,47.91666666666667
0.2,18,66.375
0.2,33,42.791666666666664
0.2,22,63.0
0.2,30,45.0
0.2,31,49.166666666666664
0.2,25,57.958333333333336
0.2,24,59.583333333333336
0.2,23,55.041666666666664
0.2,22,59.25
0.2,29,46.291666666666664
0.2,15,66.04166666666667
0.2,23,64.20833333333333
0.2,30,43.20833333333333
0.2,30,41.875
0.2,15,72.83333333333334
0.2,28,47.66666666666667
0.2,24,54.666666666666664
0.2,23,54.0
0.2,25,52.541666666666664
0.2,21,65.29166666666667
0.2,25,54.41666666666667
0.2,20,63.416666666666664
0.2,30,48.791666666666664
0.2,26,50.24999999999999
0.2,26,56.291666666666664
0.2,28,56.00000000000001
0.2,25,54.625
0.2,37,41.66666666666667
0.2,31,47.833333333333336
0.2,26,54.25
0.2,26,53.208333333333336
0.2,25,56.791666666666664
0.2,24,60.333333333333336
0.2,34,39.08333333333333
0.2,17,72.29166666666667
0.2,23,57.49999999999999
0.2,24,52.29166666666667
0.2,30,49.833333333333336
0.2,25,51.541666666666664
0.2,28,45.416666666666664
0.2,33,39.625
0.2,19,68.25
0.2,31,37.041666666666664
0.2,32,38.875
0.2,18,68.0
0.2,21,63.5
0.2,20,64.375
0.2,20,65.41666666666667
0.2,32,42.041666666666664
0.2,18,68.33333333333333
0.2,28,49.583333333333336
0.2,17,67.125
0.2,27,51.416666666666664
0.2,24,59.12500000000001
0.2,24,60.916666666666664
0.2,24,52.208333333333336
0.2,31,45.166666666666664
0.2,33,41.41666666666667
0.2,31,42.583333333333336
0.2,25,57.208333333333336
0.2,28,45.33333333333333
0.2,31,45.875
0.2,21,54.75
0.2,16,72.04166666666667
0.2,16,69.16666666666667
0.2,13,76.54166666666666
0.2,18,64.83333333333333
0.2,31,43.125
0.2,19,65.33333333333333
0.2,22,59.791666666666664
0.2,21,58.25
0.2,25,56.99999999999999
0.2,24,60.54166666666667
0.2,20,62.5
0.2,19,69.33333333333334
0.2,23,62.708333333333336
0.2,24,54.625
0.2,26,56.49999999999999
0.2,27,49.5
0.2,26,49.375
0.2,23,60.75000000000001
0.2,27,54.37499999999999
0.2,16,75.95833333333334
0.2,22,58.666666666666664
0.2,28,48.541666666666664
0.2,23,59.458333333333336
0.2,24,50.375
0.2,23,55.25
0.2,20,65.75
0.2,34,43.708333333333336
0.2,29,46.833333333333336
0.2,22,60.62499999999999
0.2,21,62.25000000000001
0.2,20,63.79166666666667
0.2,16,70.41666666666667
0.2,25,46.0
0.2,27,53.625
0.2,27,50.79166666666667
0.2,31,48.541666666666664
0.2,20,65.29166666666667
0.2,20,68.70833333333334
0.2,17,72.83333333333334
0.2,26,56.375
0.2,22,62.33333333333333
0.2,19,68.58333333333333
0.2,30,49.375
0.2,21,65.45833333333333
0.2,22,60.20833333333333
0.2,22,58.916666666666664
0.2,25,57.458333333333336
0.2,18,68.625
0.2,30,45.458333333333336
0.2,22,61.541666666666664
0.2,16,72.29166666666667
0.2,22,57.70833333333333
0.2,24,56.958333333333336
0.2,16,64.5
0.2,25,60.25
0.2,35,35.208333333333336
0.2,15,74.83333333333333
0.2,28,56.041666666666664
0.2,18,64.66666666666666
0.2,23,63.541666666666664
0.2,27,47.375
0.2,30,46.291666666666664
0.2,19,66.45833333333333
0.2,25,58.70833333333333
0.2,28,57.41666666666667
0.2,27,49.791666666666664
0.2,26,49.791666666666664
0.2,28,43.541666666666664
0.2,21,58.416666666666664
0.2,30,47.791666666666664
0.2,20,66.79166666666667
0.2,22,62.291666666666664
0.2,19,62.125
0.2,26,44.583333333333336
0.2,17,71.95833333333333
0.2,31,44.458333333333336
0.2,24,54.083333333333336
0.2,28,52.583333333333336
0.2,25,51.583333333333336
0.2,16,71.79166666666667
0.2,23,56.00000000000001
0.2,17,68.66666666666667
0.2,15,74.66666666666667
0.2,15,70.625
0.2,19,62.958333333333336
0.2,21,68.45833333333333
0.2,27,48.583333333333336
0.2,28,55.45833333333333
0.2,20,67.25
0.2,29,46.666666666666664
0.2,23,56.666666666666664
0.2,24,52.79166666666667
0.2,18,69.25
0.2,28,44.958333333333336
0.2,26,52.541666666666664
0.2,22,56.458333333333336
0.2,29,48.20833333333333
0.2,21,63.79166666666667
0.2,30,53.41666666666667
0.2,22,60.25
0.2,23,62.541666666666664
0.2,29,52.208333333333336
0.2,17,68.54166666666667
0.2,28,49.125
0.2,26,52.5
0.2,19,65.54166666666667
0.2,26,55.791666666666664
0.2,23,56.54166666666667
0.2,26,53.5
0.2,18,60.20833333333333
0.2,29,48.16666666666667
0.2,24,62.916666666666664
0.2,18,66.375
0.2,26,56.458333333333336
0.2,23,58.666666666666664
0.2,23,61.375
0.2,31,51.29166666666667
0.2,24,54.041666666666664
0.2,16,72.79166666666667
0.2,22,62.916666666666664
0.2,33,39.08333333333333
0.2,27,50.375
0.2,27,55.666666666666664
0.2,18,68.875
0.2,21,60.66666666666667
0.2,19,63.583333333333336
0.2,22,58.12500000000001
0.2,18,72.20833333333333
0.2,33,45.416666666666664
0.2,19,60.375
0.2,26,59.583333333333336
0.2,21,54.58333333333333
0.2,20,69.41666666666667
0.2,20,63.16666666666667
0.2,22,57.62500000000001
0.2,29,53.708333333333336
0.2,27,53.333333333333336
0.2,34,40.791666666666664
0.2,24,52.666666666666664
0.2,20,58.458333333333336
0.2,25,62.33333333333333
0.2,22,64.54166666666666
0.2,15,71.79166666666667
0.2,20,64.29166666666667
0.2,29,48.583333333333336
0.2,24,58.54166666666667
0.2,30,45.958333333333336
0.2,28,52.625
0.2,29,50.416666666666664
0.2,26,48.125
0.2,17,71.95833333333333
0.2,22,56.58333333333333
0.2,30,47.791666666666664
0.2,28,51.583333333333336
0.2,24,56.49999999999999
0.2,23,60.916666666666664
0.2,20,64.79166666666667
0.2,25,53.41666666666667
0.2,33,37.79166666666667
0.2,26,56.458333333333336
0.2,21,64.25
0.2,31,38.916666666666664
0.2,31,49.625
0.2,18,69.08333333333333
0.2,27,53.79166666666667
0.2,26,53.666666666666664
0.2,20,69.08333333333333
0.2,16,73.875
0.2,23,58.25
0.2,21,56.99999999999999
0.2,30,49.416666666666664
0.2,29,46.625
0.2,18,71.70833333333333
0.2,26,55.125
0.2,30,50.29166666666667
0.2,31,35.16666666666667
0.2,21,60.66666666666667
0.2,33,42.66666666666667
0.2,25,53.91666666666667
0.2,23,61.04166666666667
0.2,24,61.66666666666667
0.2,21,60.958333333333336
0.2,19,65.45833333333333
0.2,19,64.16666666666667
0.2,20,65.29166666666667
0.2,15,68.625
0.2,23,64.16666666666667
0.2,15,72.95833333333334
0.2,27,51.24999999999999
0.2,35,33.958333333333336
0.2,24,56.666666666666664
0.2,26,44.375
0.2,30,43.541666666666664
0.2,27,51.16666666666667
0.2,26,59.08333333333333
0.2,21,62.083333333333336
0.2,22,65.58333333333334
0.2,26,56.25
0.2,23,62.375
0.2,20,61.416666666666664
0.2,24,54.083333333333336
0.2,20,69.16666666666667
0.2,21,62.875
0.2,26,51.208333333333336
0.2,26,51.79166666666667
0.2,26,53.041666666666664
0.2,21,64.41666666666667
0.2,37,32.33333333333333
0.2,30,50.916666666666664
0.2,24,62.125
0.2,20,63.583333333333336
0.2,27,54.95833333333333
0.2,34,45.08333333333333
0.2,25,60.75000000000001
0.2,23,60.416666666666664
0.2,21,62.708333333333336
0.2,25,56.99999999999999
0.2,26,54.666666666666664
0.2,27,52.95833333333333
0.2,20,59.916666666666664
0.2,29,47.125
0.2,32,41.833333333333336
0.2,37,34.5
0.2,33,44.375
0.2,32,43.375
0.2,17,66.66666666666666
0.2,19,65.20833333333333
0.2,21,61.25000000000001
0.2,28,50.583333333333336
0.2,32,36.75
0.2,37,36.875
0.2,22,62.74999999999999
0.2,24,54.79166666666667
0.2,16,68.33333333333333
0.2,22,58.833333333333336
0.2,16,70.0
0.2,24,53.083333333333336
0.2,29,47.791666666666664
0.2,28,53.041666666666664
0.2,32,49.333333333333336
0.2,26,56.041666666666664
0.2,31,48.083333333333336
0.2,21,63.083333333333336
0.2,26,56.041666666666664
0.2,18,68.54166666666667
0.2,22,65.95833333333333
0.2,36,37.20833333333333
0.2,32,46.58333333333333
0.2,19,62.458333333333336
0.2,31,52.45833333333333
0.2,26,52.416666666666664
0.2,26,53.333333333333336
0.2,16,69.625
0.2,22,64.95833333333333
0.2,17,70.83333333333334
0.2,22,62.416666666666664
